"company_name","id","title","location","yearly_salary","remote","type"
"Mantys",226942,"Data Analyst","Anywhere","650000.0",1,"Full-time"
"Meta",547382,"Data Analyst","Anywhere","336500.0",1,"Full-time"
"AT&T",552322,"Data Analyst","Anywhere","255829.5",1,"Full-time"
"Pinterest Job Advertisements",99305,"Data Analyst","Anywhere","232423.0",1,"Full-time"
"Uclahealthcareers",1021647,"Data Analyst","Anywhere","217000.0",1,"Full-time"
"SmartAsset",168310,"Data Analyst","Anywhere","205000.0",1,"Full-time"
"Inclusively",731368,"Data Analyst","Anywhere","189309.0",1,"Full-time"
"Motional",310660,"Data Analyst","Anywhere","189000.0",1,"Full-time"
"SmartAsset",1749593,"Data Analyst","Anywhere","186000.0",1,"Full-time"
"Get It Recruit - Information Technology",387860,"Data Analyst","Anywhere","184000.0",1,"Full-time"
"Robert Half",1781684,"Data Analyst","Anywhere","170000.0",1,"Full-time"
"A-Line Staffing Solutions",1352513,"Data Analyst","Anywhere","170000.0",1,"Full-time"
"Kelly Science, Engineering, Technology & Telecom",987523,"Data Analyst","Anywhere","170000.0",1,"Contractor"
"Uber",1525451,"Data Analyst","Anywhere","167000.0",1,"Full-time"
"Plexus Resource Solutions",1246069,"Data Analyst","Anywhere","165000.0",1,"Full-time"
"Get It Recruit - Information Technology",712473,"Data Analyst","Anywhere","165000.0",1,"Full-time"
"Mayo Clinic",1423236,"Data Analyst","Anywhere","164746.0",1,"Full-time"
"Mayo Clinic",1799883,"Data Analyst","Anywhere","164746.0",1,"Full-time"
"CEDARS-SINAI",618890,"Data Analyst","Anywhere","163500.0",1,"Full-time"
"DIRECTV",918213,"Data Analyst","Anywhere","160515.0",1,"Full-time"
"Get It Recruit - Information Technology",182813,"Data Analyst","Anywhere","160000.0",1,"Full-time"
"Realtime Recruitment",475626,"Data Analyst","Anywhere","160000.0",1,"Full-time"
"Robert Half",783771,"Data Analyst","Anywhere","160000.0",1,"Full-time"
"Uber",266799,"Data Analyst","Anywhere","157500.0",1,"Full-time"
"Edgewater Federal Solutions, Inc.",485388,"Data Analyst","Anywhere","157500.0",1,""
"CaptivateIQ",25761,"Data Analyst","Anywhere","155485.5",1,"Full-time"
"Motion Recruitment",105157,"Data Analyst","Anywhere","155000.0",1,"Full-time"
"Zscaler",565646,"Data Analyst","Anywhere","152625.0",1,"Full-time"
"Zscaler",795614,"Data Analyst","Anywhere","152625.0",1,"Full-time"
"Rocket Money",540057,"Data Analyst","Anywhere","152500.0",1,"Full-time"
"US Patent and Trademark Office",72957,"Data Analyst","Anywhere","152221.5",1,"Full-time and Part-time"
"Get It Recruit - Healthcare",456042,"Data Analyst","Anywhere","151500.0",1,"Full-time"
"Patterned Learning AI",591850,"Data Analyst","Anywhere","150000.0",1,"Full-time"
"Patterned Learning AI",73304,"Data Analyst","Anywhere","150000.0",1,"Full-time"
"Edward Jones",1402149,"Data Analyst","Anywhere","148238.5",1,"Full-time"
"EXL Service",1694004,"Data Analyst","Anywhere","147285.0",1,"Full-time"
"Hire With Jarvis",1329162,"Data Analyst","Anywhere","145000.0",1,"Full-time"
"CyberCoders",405581,"Data Analyst","Anywhere","145000.0",1,"Full-time"
"ALTA IT Services",712558,"Data Analyst","Anywhere","145000.0",1,"Full-time"
"Level",479485,"Data Analyst","Anywhere","145000.0",1,"Full-time"
"Edward Jones",1275642,"Data Analyst","Anywhere","144481.5",1,"Full-time"
"Insight Global",149006,"Data Analyst","Anywhere","140500.0",1,"Full-time"
"Uber",1090975,"Data Analyst","Anywhere","140500.0",1,"Full-time"
"Sisense",1049000,"Data Analyst","Anywhere","140000.0",1,"Full-time"
"Motion Recruitment",1392859,"Data Analyst","Anywhere","140000.0",1,"Full-time"
"Insight Global",208403,"Data Analyst","Anywhere","140000.0",1,"Full-time"
"IT Pros",762220,"Data Analyst","Anywhere","140000.0",1,"Full-time"
"Revolut",1300702,"Data Analyst","Anywhere","139000.0",1,"Full-time"
"United Services Automobile Association",388392,"Data Analyst","Anywhere","138640.0",1,"Full-time"
"Overmind",1482852,"Data Analyst","Anywhere","138500.0",1,"Full-time"
"Get It Recruit - Information Technology",350382,"Data Analyst","Anywhere","138000.0",1,"Full-time"
"Insight Global, Inc.",835092,"Data Analyst","Anywhere","137500.0",1,"Contractor"
"WhiteCrow",740073,"Data Analyst","Anywhere","137000.0",1,"Full-time"
"Robert Half",777802,"Data Analyst","Anywhere","135000.0",1,"Full-time"
"Get It Recruit - Hospitality",513988,"Data Analyst","Anywhere","135000.0",1,"Full-time"
"InvestM Technology LLC",479965,"Data Analyst","Anywhere","135000.0",1,"Full-time"
"EPIC Brokers",1326467,"Data Analyst","Anywhere","135000.0",1,"Full-time"
"Get It Recruit - Information Technology",990420,"Data Analyst","Anywhere","132500.0",1,"Full-time"
"SoftDev Incorporated",311931,"Data Analyst","Anywhere","132500.0",1,"Full-time"
"Osmind",262837,"Data Analyst","Anywhere","132500.0",1,"Full-time"
"Doximity",1209798,"Data Analyst","Anywhere","130000.0",1,"Full-time"
"Launch Consulting Group",92703,"Data Analyst","Anywhere","130000.0",1,"Full-time"
"Kforce Technology Staffing",447569,"Data Analyst","Anywhere","130000.0",1,"Full-time"
"Get It Recruit - Information Technology",1686779,"Data Analyst","Anywhere","130000.0",1,"Full-time"
"ApTask",21451,"Data Analyst","Anywhere","130000.0",1,"Contractor"
"Alpha Silicon",1531276,"Data Analyst","Anywhere","130000.0",1,"Full-time"
"Lonza",1566076,"Data Analyst","Anywhere","129000.0",1,"Full-time"
"Cash App",1791785,"Data Analyst","Anywhere","127000.0",1,"Full-time"
"Acorns",1148444,"Data Analyst","Anywhere","127000.0",1,"Full-time"
"ICF",592669,"Data Analyst","Anywhere","126452.0",1,"Full-time"
"UnitedHealthcare",116211,"Data Analyst","Anywhere","126000.0",1,"Full-time"
"UnitedHealth Group",502626,"Data Analyst","Anywhere","126000.0",1,"Full-time"
"USAA",1735665,"Data Analyst","Anywhere","125930.0",1,"Full-time"
"Uber",748965,"Data Analyst","Anywhere","125500.0",1,"Full-time"
"The Walt Disney Company",900945,"Data Analyst","Anywhere","125000.0",1,"Full-time"
"Get It Recruit - Information Technology",1551308,"Data Analyst","Anywhere","125000.0",1,"Full-time"
"Starbridge Partners",595967,"Data Analyst","Anywhere","125000.0",1,"Full-time"
"Robert Half",285447,"Data Analyst","Anywhere","125000.0",1,"Full-time"
"PWR Staffing & Recruiting",400967,"Data Analyst","Anywhere","125000.0",1,"Full-time"
"Infinity Consulting Solutions, Inc.",1229773,"Data Analyst","Anywhere","125000.0",1,"Full-time"
"hims & hers",1216840,"Data Analyst","Anywhere","125000.0",1,"Full-time"
"Get It Recruit - Real Estate",300502,"Data Analyst","Anywhere","125000.0",1,"Full-time"
"Blackstone Consulting, Inc.",1682817,"Data Analyst","Anywhere","124500.0",1,"Full-time"
"Cloudflare",821092,"Data Analyst","Anywhere","124000.0",1,"Full-time"
"Exact Sciences Corporation",970857,"Data Analyst","Anywhere","123249.5",1,"Full-time"
"Get It Recruit - Information Technology",631753,"Data Analyst","Anywhere","123000.0",1,"Full-time"
"ICF",596565,"Data Analyst","Anywhere","122769.0",1,"Full-time"
"Innova Solutions",238020,"Data Analyst","Anywhere","122500.0",1,"Full-time"
"Get It Recruit - Finance",841943,"Data Analyst","Anywhere","122500.0",1,"Full-time"
"Analytic Recruiting Inc.",1015777,"Data Analyst","Anywhere","122500.0",1,"Full-time"
"CloudFlare",426033,"Data Analyst","Anywhere","122000.0",1,"Full-time"
"Cloudflare",298860,"Data Analyst","Anywhere","122000.0",1,"Full-time"
"Robert Half",1191992,"Data Analyst","Anywhere","120000.0",1,"Contractor"
"Jobot",946582,"Data Analyst","Anywhere","120000.0",1,"Full-time"
"LAI",999820,"Data Analyst","Anywhere","120000.0",1,"Full-time"
"Get It Recruit - Information Technology",236172,"Data Analyst","Anywhere","120000.0",1,"Full-time"
"M13",1611348,"Data Analyst","Anywhere","120000.0",1,"Full-time"
"Motion Recruitment",587198,"Data Analyst","Anywhere","120000.0",1,"Full-time"
"US Development Finance Corporation (formerly Overseas Private Investment Corporation)",1132443,"Data Analyst","Anywhere","119908.0",1,"Full-time"
"CVS Health",446029,"Data Analyst","Anywhere","119200.0",1,"Full-time"
"CVS Health",876656,"Data Analyst","Anywhere","119200.0",1,"Full-time"
"Get It Recruit - Healthcare",945180,"Data Analyst","Anywhere","117713.0",1,"Full-time"
"Get It Recruit - Information Technology",1124418,"Data Analyst","Anywhere","117500.0",1,"Full-time"
"Robert Half",436153,"Data Analyst","Anywhere","117500.0",1,"Full-time"
"Jobot",685438,"Data Analyst","Anywhere","117500.0",1,"Full-time"
"Get It Recruit - Information Technology",131427,"Data Analyst","Anywhere","117000.0",1,"Full-time"
"Kern Health Systems",1574716,"Data Analyst","Anywhere","115791.5",1,"Full-time"
"Kern Health Systems",1788827,"Data Analyst","Anywhere","115791.5",1,"Full-time"
"Kern Health Systems",16358,"Data Analyst","Anywhere","115791.5",1,"Full-time"
"Robert Half",198747,"Data Analyst","Anywhere","115000.0",1,"Contractor"
"Robert Half",357990,"Data Analyst","Anywhere","115000.0",1,"Full-time"
"Get It Recruit - Information Technology",1403108,"Data Analyst","Anywhere","115000.0",1,"Full-time"
"General Dynamics Information Technology",728112,"Data Analyst","Anywhere","115000.0",1,"Full-time"
"Medasource",1772547,"Data Analyst","Anywhere","115000.0",1,"Full-time"
"ManyPets",24351,"Data Analyst","Anywhere","115000.0",1,"Full-time"
"Robert Half",156483,"Data Analyst","Anywhere","115000.0",1,"Full-time"
"Lighthouse Professional Services",1139755,"Data Analyst","Anywhere","115000.0",1,"Full-time"
"ICF",945577,"Data Analyst","Anywhere","114956.5",1,"Full-time"
"Get It Recruit - Healthcare",467403,"Data Analyst","Anywhere","114948.0",1,"Full-time"
"ICF",857003,"Data Analyst","Anywhere","114805.0",1,"Full-time"
"Uber",1566879,"Data Analyst","Anywhere","114000.0",1,"Full-time"
"GEICO",1354909,"Data Analyst","Anywhere","113500.0",1,"Full-time"
"Square",248219,"Data Analyst","Anywhere","112850.0",1,"Full-time"
"Get It Recruit - Healthcare",236397,"Data Analyst","Anywhere","112661.0",1,"Full-time"
"UL Solutions",576410,"Data Analyst","Anywhere","112500.0",1,"Full-time"
"Get It Recruit - Information Technology",185960,"Data Analyst","Anywhere","112500.0",1,"Full-time"
"Segue Technologies Inc",1728,"Data Analyst","Anywhere","112500.0",1,"Full-time"
"Seneca Resources, LLC",84928,"Data Analyst","Anywhere","112500.0",1,"Full-time"
"InvestM Technology LLC",1006256,"Data Analyst","Anywhere","112500.0",1,"Full-time"
"Paratus Solutions LLC",71065,"Data Analyst","Anywhere","112500.0",1,"Full-time"
"Cisco Meraki",147455,"Data Analyst","Anywhere","112050.0",1,"Full-time"
"IBM",958872,"Data Analyst","Anywhere","111500.0",1,"Full-time and Part-time"
"Apex Systems",412163,"Data Analyst","Anywhere","110000.0",1,"Contractor"
"Executive Search Partners LLC",1348516,"Data Analyst","Anywhere","110000.0",1,"Full-time"
"Executive Search Partners LLC",885463,"Data Analyst","Anywhere","110000.0",1,"Full-time"
"Insight Global",1047698,"Data Analyst","Anywhere","110000.0",1,"Full-time"
"Insight Global",1574686,"Data Analyst","Anywhere","110000.0",1,"Contractor"
"Cava Connect",480243,"Data Analyst","Anywhere","110000.0",1,"Full-time"
"Trinity Solar Careers",409831,"Data Analyst","Anywhere","110000.0",1,"Full-time"
"Get It Recruit - Real Estate",1814437,"Data Analyst","Anywhere","110000.0",1,"Full-time"
"Robert Half",1592165,"Data Analyst","Anywhere","110000.0",1,"Full-time"
"Convergenz",1210470,"Data Analyst","Anywhere","110000.0",1,"Contractor"
"Get It Recruit - Finance",991817,"Data Analyst","Anywhere","110000.0",1,"Full-time"
"CREDITSERVE INC",321727,"Data Analyst","Anywhere","110000.0",1,"Full-time"
"Get It Recruit - Transportation",894317,"Data Analyst","Anywhere","110000.0",1,"Full-time"
"Get It Recruit - Information Technology",1490432,"Data Analyst","Anywhere","110000.0",1,"Full-time"
"DNV",382334,"Data Analyst","Anywhere","110000.0",1,"Full-time"
"CREDITSERVE INC",1434170,"Data Analyst","Anywhere","110000.0",1,"Full-time"
"Get It Recruit - Finance",446319,"Data Analyst","Anywhere","110000.0",1,"Full-time"
"Paradigm",991303,"Data Analyst","Anywhere","109600.0",1,"Full-time"
"Addepar",480984,"Data Analyst","Anywhere","108500.0",1,"Full-time"
"CODING DOJO INC.",1119269,"Data Analyst","Anywhere","107500.0",1,"Full-time"
"Dice",1795029,"Data Analyst","Anywhere","107500.0",1,"Full-time"
"Rhino",1026200,"Data Analyst","Anywhere","107500.0",1,"Full-time"
"Get It Recruit - Hospitality",65900,"Data Analyst","Anywhere","107500.0",1,"Full-time"
"Get It Recruit - Information Technology",255533,"Data Analyst","Anywhere","107500.0",1,"Full-time"
"Insight Global",600392,"Data Analyst","Anywhere","107500.0",1,"Full-time"
"Cherry Bekaert Advisory, LLC",107274,"Data Analyst","Anywhere","106562.5",1,"Full-time"
"Edward Jones",228239,"Data Analyst","Anywhere","106479.0",1,"Full-time"
"Edward Jones",55833,"Data Analyst","Anywhere","106479.0",1,"Full-time"
"Edward Jones",617583,"Data Analyst","Anywhere","106479.0",1,"Full-time"
"Get It Recruit - Information Technology",800017,"Data Analyst","Anywhere","106000.0",1,"Full-time"
"Get It Recruit - Information Technology",1454946,"Data Analyst","Anywhere","106000.0",1,"Full-time"
"Vantage Consulting",1352378,"Data Analyst","Anywhere","105000.0",1,"Full-time"
"CyberCoders",1309967,"Data Analyst","Anywhere","105000.0",1,"Full-time"
"Get It Recruit - Information Technology",601788,"Data Analyst","Anywhere","105000.0",1,"Full-time"
"Get It Recruit - Healthcare",1091932,"Data Analyst","Anywhere","105000.0",1,"Full-time"
"Syrup",426601,"Data Analyst","Anywhere","105000.0",1,"Full-time"
"Syndicatebleu",936268,"Data Analyst","Anywhere","105000.0",1,"Full-time"
"Modis",371104,"Data Analyst","Anywhere","105000.0",1,"Full-time"
"Cnam - Auditeurs - Accueil",1640497,"Data Analyst","Anywhere","105000.0",1,"Full-time"
"Starr And Associates LLC",1069248,"Data Analyst","Anywhere","105000.0",1,"Full-time"
"EL Education (Formerly Expeditionary Learning)",909000,"Data Analyst","Anywhere","105000.0",1,"Full-time"
"Vista Global Solutions, LLC",1344229,"Data Analyst","Anywhere","105000.0",1,"Full-time"
"Pitney Bowes",748403,"Data Analyst","Anywhere","104300.0",1,"Full-time"
"Health Plan of San Mateo",380744,"Data Analyst","Anywhere","104106.5",1,"Full-time"
"Get It Recruit - Information Technology",909351,"Data Analyst","Anywhere","104000.0",1,"Full-time"
"Get It Recruit - Information Technology",1559111,"Data Analyst","Anywhere","103500.0",1,"Full-time"
"Get It Recruit - Finance",1061483,"Data Analyst","Anywhere","103049.5",1,"Full-time"
"Get It Recruit - Information Technology",707689,"Data Analyst","Anywhere","103000.0",1,"Full-time"
"AIDS Healthcare Foundation",1667594,"Data Analyst","Anywhere","103000.0",1,"Full-time"
"Get It Recruit - Information Technology",1679633,"Data Analyst","Anywhere","103000.0",1,"Full-time"
"Orion Groups",535535,"Data Analyst","Anywhere","102500.0",1,"Full-time"
"The Phoenix Group",61021,"Data Analyst","Anywhere","102500.0",1,"Full-time and Contractor"
"Get It Recruit - Information Technology",949643,"Data Analyst","Anywhere","102500.0",1,"Full-time"
"Insight Global",523374,"Data Analyst","Anywhere","102500.0",1,"Contractor"
"ZipRecruiter",1277458,"Data Analyst","Anywhere","102250.0",1,"Full-time"
"Get It Recruit - Information Technology",1378977,"Data Analyst","Anywhere","102000.0",1,"Full-time"
"Get It Recruit - Information Technology",4420,"Data Analyst","Anywhere","102000.0",1,"Full-time"
"Get It Recruit - Information Technology",1526567,"Data Analyst","Anywhere","102000.0",1,"Full-time"
"Get It Recruit - Information Technology",1440,"Data Analyst","Anywhere","101500.0",1,"Full-time"
"Get It Recruit - Information Technology",686507,"Data Analyst","Anywhere","101500.0",1,"Full-time"
"Get It Recruit - Information Technology",1234973,"Data Analyst","Anywhere","101500.0",1,"Full-time"
"UnitedHealth Group",1519017,"Data Analyst","Anywhere","100400.0",1,"Full-time"
"UnitedHealth Group",1514995,"Data Analyst","Anywhere","100400.0",1,"Full-time"
"UnitedHealth Group",136192,"Data Analyst","Anywhere","100400.0",1,"Full-time"
"Optum",838504,"Data Analyst","Anywhere","100400.0",1,"Full-time"
"SAIC",262921,"Data Analyst","Anywhere","100000.5",1,"Full-time"
"LHH",736533,"Data Analyst","Anywhere","100000.0",1,"Full-time"
"Govcio LLC",734020,"Data Analyst","Anywhere","100000.0",1,"Full-time"
"Robert Half",327502,"Data Analyst","Anywhere","100000.0",1,"Full-time"
"Get It Recruit - Information Technology",1217891,"Data Analyst","Anywhere","100000.0",1,"Full-time"
"Hearth",524146,"Data Analyst","Anywhere","100000.0",1,"Full-time"
"LHH",882690,"Data Analyst","Anywhere","100000.0",1,"Full-time"
"Scaleai",309300,"Data Analyst","Anywhere","100000.0",1,"Full-time"
"InvestM Technology LLC",1331634,"Data Analyst","Anywhere","100000.0",1,"Contractor"
"InvestM Technology LLC",43545,"Data Analyst","Anywhere","100000.0",1,"Full-time"
"Insight Global Healthcare",1785328,"Data Analyst","Anywhere","100000.0",1,"Full-time"
"Insight Global",420972,"Data Analyst","Anywhere","100000.0",1,"Full-time"
"Calbright College",670899,"Data Analyst","Anywhere","99746.90625",1,"Full-time"
"Get It Recruit - Information Technology",1733276,"Data Analyst","Anywhere","99500.0",1,"Full-time"
"Ogletree Deakins",1064019,"Data Analyst","Anywhere","99500.0",1,"Full-time"
"Get It Recruit - Technology",867791,"Data Analyst","Anywhere","99000.0",1,"Full-time"
"Ad Hoc Team",1332763,"Data Analyst","Anywhere","98800.0",1,"Full-time"
"Goldbelt, Inc.",284410,"Data Analyst","Anywhere","98750.0",1,"Full-time"
"Get It Recruit - Technology",1149238,"Data Analyst","Anywhere","98500.0",1,"Full-time"
"Get It Recruit - Information Technology",1044426,"Data Analyst","Anywhere","98000.0",1,"Full-time"
"Motion Recruitment",498516,"Data Analyst","Anywhere","97500.0",1,"Full-time"
"CRED iQ",630777,"Data Analyst","Anywhere","97500.0",1,"Full-time"
"Cognizant Technology Solutions",1714018,"Data Analyst","Anywhere","97500.0",1,"Full-time"
"InvestM Technology LLC",1691565,"Data Analyst","Anywhere","97500.0",1,"Full-time"
"Central California Alliance for Health (Remote)",35406,"Data Analyst","Anywhere","97070.5",1,"Full-time"
"Driscoll's",339556,"Data Analyst","Anywhere","97000.0",1,"Full-time"
"Respawn Entertainment",1299756,"Data Analyst","Anywhere","96400.0",1,"Full-time"
"Booz Allen Hamilton",1791218,"Data Analyst","Anywhere","95700.0",1,"Full-time"
"Insight Global",1601917,"Data Analyst","Anywhere","95680.0",1,"Full-time"
"Insight Global",703426,"Data Analyst","Anywhere","95680.0",1,"Full-time"
"Booz Allen Hamilton",1519639,"Data Analyst","Anywhere","95650.0",1,"Full-time"
"Olympus Corporation of the Americas",735880,"Data Analyst","Anywhere","95500.0",1,"Full-time"
"Get It Recruit - Finance",354407,"Data Analyst","Anywhere","95329.0",1,"Full-time"
"CVS Health",690438,"Data Analyst","Anywhere","95150.0",1,"Full-time"
"Hays",369634,"Data Analyst","Anywhere","95000.0",1,"Full-time"
"American Red Cross",334078,"Data Analyst","Anywhere","95000.0",1,"Full-time"
"Jobot",542425,"Data Analyst","Anywhere","95000.0",1,"Full-time"
"Polygence",796604,"Data Analyst","Anywhere","95000.0",1,"Full-time"
"Clark Associates",1359967,"Data Analyst","Anywhere","95000.0",1,"Full-time"
"General Dynamics Information Technology",945198,"Data Analyst","Anywhere","95000.0",1,"Full-time"
"Polygence",78069,"Data Analyst","Anywhere","95000.0",1,"Full-time"
"IDR, Inc.",1491918,"Data Analyst","Anywhere","95000.0",1,"Full-time"
"Motion Recruitment",1156421,"Data Analyst","Anywhere","95000.0",1,"Full-time"
"Insight Global",1467775,"Data Analyst","Anywhere","95000.0",1,"Contractor"
"Insight Global",1240374,"Data Analyst","Anywhere","95000.0",1,"Full-time"
"Get It Recruit - Finance",204667,"Data Analyst","Anywhere","95000.0",1,"Full-time"
"United Site Services",1355313,"Data Analyst","Anywhere","95000.0",1,"Full-time"
"Ryder System",430230,"Data Analyst","Anywhere","95000.0",1,"Full-time"
"Earnest Analytics",1230135,"Data Analyst","Anywhere","95000.0",1,"Full-time"
"HopSkipDrive",328827,"Data Analyst","Anywhere","95000.0",1,"Full-time"
"Protect Democracy",1127339,"Data Analyst","Anywhere","94871.5",1,"Full-time"
"The Cigna Group",961597,"Data Analyst","Anywhere","94400.0",1,"Full-time"
"Tactis LLC",1243771,"Data Analyst","Anywhere","94000.0",1,"Full-time"
"Get It Recruit - Information Technology",75704,"Data Analyst","Anywhere","93000.0",1,"Full-time"
"Get It Recruit - Information Technology",133125,"Data Analyst","Anywhere","93000.0",1,"Full-time"
"Medidata Solutions",960363,"Data Analyst","Anywhere","92750.0",1,"Full-time"
"0nward Select",1098113,"Data Analyst","Anywhere","92500.0",1,"Full-time"
"LeanTaaS",758193,"Data Analyst","Anywhere","92500.0",1,"Full-time"
"HopSkipDrive",1190547,"Data Analyst","Anywhere","92500.0",1,"Full-time"
"OUTFITTERY",738823,"Data Analyst","Anywhere","92000.0",1,"Full-time"
"Get It Recruit - Information Technology",1178655,"Data Analyst","Anywhere","91000.0",1,"Full-time"
"Get It Recruit - Real Estate",846860,"Data Analyst","Anywhere","90000.0",1,"Full-time"
"CyberCoders",1560173,"Data Analyst","Anywhere","90000.0",1,"Full-time"
"EcoCart",354417,"Data Analyst","Anywhere","90000.0",1,"Full-time"
"Get It Recruit - Finance",811436,"Data Analyst","Anywhere","90000.0",1,"Full-time"
"Get It Recruit - Finance",419649,"Data Analyst","Anywhere","90000.0",1,"Full-time"
"Get It Recruit - Real Estate",258262,"Data Analyst","Anywhere","90000.0",1,"Full-time"
"Angi",196796,"Data Analyst","Anywhere","90000.0",1,"Full-time"
"Constant Associates",514485,"Data Analyst","Anywhere","90000.0",1,"Full-time"
"Venteon",1810744,"Data Analyst","Anywhere","90000.0",1,"Full-time"
"CVS Health",391159,"Data Analyst","Anywhere","90000.0",1,"Full-time"
"Home Depot / THD",914174,"Data Analyst","Anywhere","90000.0",1,"Full-time"
"Get It Recruit - Finance",25749,"Data Analyst","Anywhere","90000.0",1,"Full-time"
"Get It Recruit - Finance",1647550,"Data Analyst","Anywhere","90000.0",1,"Full-time"
"Get It Recruit - Real Estate",1244897,"Data Analyst","Anywhere","90000.0",1,"Full-time"
"Get It Recruit - Finance",382064,"Data Analyst","Anywhere","90000.0",1,"Full-time"
"Get It Recruit - Finance",648986,"Data Analyst","Anywhere","90000.0",1,"Full-time"
"Get It Recruit - Finance",613034,"Data Analyst","Anywhere","90000.0",1,"Full-time"
"Axelerate",468153,"Data Analyst","Anywhere","90000.0",1,"Full-time"
"Maximus",321007,"Data Analyst","Anywhere","90000.0",1,"Full-time"
"hackajob",116825,"Data Analyst","Anywhere","90000.0",1,"Full-time"
"Grant Leading Technology, LLC",1228142,"Data Analyst","Anywhere","90000.0",1,"Full-time"
"Engage Partners Inc.",581546,"Data Analyst","Anywhere","90000.0",1,"Full-time"
"Gotely",680315,"Data Analyst","Anywhere","90000.0",1,"Full-time"
"Preveta",326110,"Data Analyst","Anywhere","90000.0",1,"Full-time"
"Get It Recruit - Real Estate",1152523,"Data Analyst","Anywhere","90000.0",1,"Full-time"
"Motion Recruitment",714930,"Data Analyst","Anywhere","90000.0",1,"Full-time"
"Adaptive Solutions Group",1186631,"Data Analyst","Anywhere","90000.0",1,"Full-time"
"General Dynamics Information Technology",1729407,"Data Analyst","Anywhere","90000.0",1,"Full-time"
"Get It Recruit - Administrative",293077,"Data Analyst","Anywhere","90000.0",1,"Full-time"
"Labor, Department of",663590,"Data Analyst","Anywhere","89833.5",1,"Full-time"
"Heluna Health",122927,"Data Analyst","Anywhere","89796.0",1,"Full-time"
"Verizon",1618146,"Data Analyst","Anywhere","89500.0",1,"Full-time"
"World Education Services",833662,"Data Analyst","Anywhere","89000.0",1,"Full-time"
"Get It Recruit - Transportation",660036,"Data Analyst","Anywhere","89000.0",1,"Full-time"
"Get It Recruit - Information Technology",1209792,"Data Analyst","Anywhere","88000.0",1,"Full-time"
"Get It Recruit - Transportation",1657752,"Data Analyst","Anywhere","88000.0",1,"Full-time"
"SeatGeek",1433360,"Data Analyst","Anywhere","87500.0",1,"Full-time"
"Beacon Hill Staffing Group",826590,"Data Analyst","Anywhere","87500.0",1,"Contractor"
"Get It Recruit - Administrative",352252,"Data Analyst","Anywhere","87500.0",1,"Full-time"
"Get It Recruit - Information Technology",915649,"Data Analyst","Anywhere","87500.0",1,"Full-time"
"Insight Global",30317,"Data Analyst","Anywhere","87500.0",1,"Full-time"
"Oxfam America",748524,"Data Analyst","Anywhere","87500.0",1,"Full-time"
"Predictive Data Lab",1489901,"Data Analyst","Anywhere","87500.0",1,"Full-time"
"Vatica Health",66566,"Data Analyst","Anywhere","87500.0",1,"Full-time"
"Get It Recruit - Information Technology",961041,"Data Analyst","Anywhere","87000.0",1,"Full-time"
"Get It Recruit - Information Technology",916210,"Data Analyst","Anywhere","87000.0",1,"Full-time"
"Get It Recruit - Information Technology",1704094,"Data Analyst","Anywhere","86500.0",1,"Full-time"
"Get It Recruit - Information Technology",401243,"Data Analyst","Anywhere","86500.0",1,"Full-time"
"Get It Recruit - Information Technology",456839,"Data Analyst","Anywhere","86000.0",1,"Full-time"
"Get It Recruit - Information Technology",1638633,"Data Analyst","Anywhere","85500.0",1,"Full-time"
"Get It Recruit - Information Technology",314738,"Data Analyst","Anywhere","85000.0",1,"Full-time"
"Motion Recruitment",384007,"Data Analyst","Anywhere","85000.0",1,"Full-time"
"DeepIntent",1085007,"Data Analyst","Anywhere","85000.0",1,"Full-time"
"Envision Staffing Solutions",710614,"Data Analyst","Anywhere","85000.0",1,"Full-time"
"SimioCloud",196337,"Data Analyst","Anywhere","85000.0",1,"Full-time"
"Mint Mobile",52176,"Data Analyst","Anywhere","85000.0",1,"Full-time"
"BlueLabs Analytics, Inc.",1112585,"Data Analyst","Anywhere","85000.0",1,"Full-time"
"Impact Genome",1762396,"Data Analyst","Anywhere","85000.0",1,"Full-time"
"FocusKPI Inc.",1782272,"Data Analyst","Anywhere","85000.0",1,"Full-time"
"Impact Genome",1215316,"Data Analyst","Anywhere","85000.0",1,"Full-time"
"Prime Team Partners",382000,"Data Analyst","Anywhere","85000.0",1,"Full-time"
"QSE7, LLC",1458260,"Data Analyst","Anywhere","85000.0",1,"Full-time"
"Impact Genome",50602,"Data Analyst","Anywhere","85000.0",1,"Full-time"
"Redwood Strategy Group",27772,"Data Analyst","Anywhere","85000.0",1,"Full-time"
"Peopletek",1201469,"Data Analyst","Anywhere","85000.0",1,"Full-time"
"Get It Recruit - Information Technology",1640252,"Data Analyst","Anywhere","85000.0",1,"Full-time"
"Get It Recruit - Healthcare",1766497,"Data Analyst","Anywhere","84950.0",1,"Full-time"
"Ronin Staffing",1811540,"Data Analyst","Anywhere","84800.0",1,"Full-time"
"Get It Recruit - Information Technology",1736157,"Data Analyst","Anywhere","84500.0",1,"Full-time"
"Get It Recruit - Information Technology",1813745,"Data Analyst","Anywhere","84500.0",1,"Full-time"
"Get It Recruit - Information Technology",1540216,"Data Analyst","Anywhere","84500.0",1,"Full-time"
"Get It Recruit - Information Technology",496663,"Data Analyst","Anywhere","84500.0",1,"Full-time"
"Get It Recruit - Information Technology",1163106,"Data Analyst","Anywhere","84500.0",1,"Full-time"
"Get It Recruit - Information Technology",104800,"Data Analyst","Anywhere","84500.0",1,"Full-time"
"Get It Recruit - Information Technology",398669,"Data Analyst","Anywhere","84500.0",1,"Full-time"
"Get It Recruit - Information Technology",547661,"Data Analyst","Anywhere","84500.0",1,"Full-time"
"Get It Recruit - Information Technology",367476,"Data Analyst","Anywhere","84500.0",1,"Full-time"
"Get It Recruit - Information Technology",444259,"Data Analyst","Anywhere","84500.0",1,"Full-time"
"Get It Recruit - Finance",133854,"Data Analyst","Anywhere","84500.0",1,"Full-time"
"Get It Recruit - Information Technology",1156181,"Data Analyst","Anywhere","84000.0",1,"Full-time"
"Get It Recruit - Information Technology",1761702,"Data Analyst","Anywhere","84000.0",1,"Full-time"
"Get It Recruit - Information Technology",1683817,"Data Analyst","Anywhere","84000.0",1,"Full-time"
"Get It Recruit - Information Technology",1558833,"Data Analyst","Anywhere","84000.0",1,"Full-time"
"Get It Recruit - Information Technology",1551217,"Data Analyst","Anywhere","84000.0",1,"Full-time"
"Get It Recruit - Information Technology",1544793,"Data Analyst","Anywhere","84000.0",1,"Full-time"
"Get It Recruit - Information Technology",23358,"Data Analyst","Anywhere","84000.0",1,"Full-time"
"Get It Recruit - Information Technology",122796,"Data Analyst","Anywhere","84000.0",1,"Full-time"
"Get It Recruit - Information Technology",1155449,"Data Analyst","Anywhere","84000.0",1,"Full-time"
"Get It Recruit - Information Technology",998283,"Data Analyst","Anywhere","84000.0",1,"Full-time"
"Get It Recruit - Information Technology",918810,"Data Analyst","Anywhere","84000.0",1,"Full-time"
"Get It Recruit - Information Technology",894665,"Data Analyst","Anywhere","84000.0",1,"Full-time"
"Get It Recruit - Information Technology",858421,"Data Analyst","Anywhere","84000.0",1,"Full-time and Internship"
"Get It Recruit - Information Technology",1153109,"Data Analyst","Anywhere","83500.0",1,"Full-time"
"Insight Global",1632454,"Data Analyst","Anywhere","83500.0",1,"Full-time"
"Get It Recruit - Information Technology",309335,"Data Analyst","Anywhere","83500.0",1,"Full-time"
"Robert Half",197120,"Data Analyst","Anywhere","83500.0",1,"Full-time"
"Get It Recruit - Information Technology",1128758,"Data Analyst","Anywhere","83500.0",1,"Full-time"
"Get It Recruit - Information Technology",1366794,"Data Analyst","Anywhere","83500.0",1,"Full-time"
"Get It Recruit - Information Technology",1618469,"Data Analyst","Anywhere","83500.0",1,"Full-time"
"Memorial Sloan Kettering Cancer Center",457003,"Data Analyst","Anywhere","83200.0",1,"Part-time"
"Get It Recruit - Information Technology",1656466,"Data Analyst","Anywhere","83000.0",1,"Full-time"
"Alameda Health Consortium/Community Health Center Network",604141,"Data Analyst","Anywhere","83000.0",1,"Full-time"
"Get It Recruit - Information Technology",373211,"Data Analyst","Anywhere","83000.0",1,"Full-time"
"General Dynamics Information Technology",1005824,"Data Analyst","Anywhere","83000.0",1,"Full-time"
"Luxury Presence",984993,"Data Analyst","Anywhere","82750.0",1,"Full-time"
"Vitalief Inc.",1795056,"Data Analyst","Anywhere","82500.0",1,"Full-time"
"Get It Recruit - Information Technology",103900,"Data Analyst","Anywhere","82500.0",1,"Full-time"
"Get It Recruit - Information Technology",1715658,"Data Analyst","Anywhere","82500.0",1,"Full-time"
"Get It Recruit - Information Technology",95123,"Data Analyst","Anywhere","82500.0",1,"Full-time"
"Get It Recruit - Information Technology",337179,"Data Analyst","Anywhere","82500.0",1,"Part-time"
"Emotive",672574,"Data Analyst","Anywhere","82500.0",1,"Full-time"
"Get It Recruit - Information Technology",1269187,"Data Analyst","Anywhere","82500.0",1,"Full-time"
"CyberCoders",934891,"Data Analyst","Anywhere","82500.0",1,"Full-time"
"Get It Recruit - Information Technology",908469,"Data Analyst","Anywhere","82500.0",1,"Full-time"
"Complete HR Solutions",1758551,"Data Analyst","Anywhere","82500.0",1,"Full-time"
"Get It Recruit - Information Technology",838391,"Data Analyst","Anywhere","82500.0",1,"Full-time"
"Customer Value Partners",1621876,"Data Analyst","Anywhere","82500.0",1,"Full-time"
"Get It Recruit - Information Technology",427343,"Data Analyst","Anywhere","82500.0",1,"Full-time"
"Confidential",863059,"Data Analyst","Anywhere","82500.0",1,"Full-time"
"Get It Recruit - Information Technology",1727059,"Data Analyst","Anywhere","82500.0",1,"Full-time"
"Village Care",879043,"Data Analyst","Anywhere","82350.5",1,"Full-time"
"Get It Recruit - Information Technology",1296038,"Data Analyst","Anywhere","82000.0",1,"Full-time"
"Get It Recruit - Information Technology",463381,"Data Analyst","Anywhere","82000.0",1,"Full-time"
"Get It Recruit - Information Technology",318830,"Data Analyst","Anywhere","82000.0",1,"Full-time"
"Get It Recruit - Information Technology",1115037,"Data Analyst","Anywhere","82000.0",1,"Full-time"
"Get It Recruit - Information Technology",5174,"Data Analyst","Anywhere","82000.0",1,"Full-time"
"Get It Recruit - Information Technology",288466,"Data Analyst","Anywhere","82000.0",1,"Full-time"
"Get It Recruit - Information Technology",223644,"Data Analyst","Anywhere","81500.0",1,"Full-time"
"Get It Recruit - Information Technology",1638787,"Data Analyst","Anywhere","81500.0",1,"Full-time"
"New York State Office of the Attorney General",1436603,"Data Analyst","Anywhere","81047.0",1,"Full-time"
"Get It Recruit - Information Technology",143947,"Data Analyst","Anywhere","81000.0",1,"Full-time"
"Get It Recruit - Information Technology",980665,"Data Analyst","Anywhere","81000.0",1,"Full-time"
"Get It Recruit - Information Technology",606788,"Data Analyst","Anywhere","81000.0",1,"Full-time"
"Get It Recruit - Information Technology",413083,"Data Analyst","Anywhere","81000.0",1,"Contractor"
"InsideHigherEd",1025744,"Data Analyst","Anywhere","80740.0",1,"Full-time and Temp work"
"Get It Recruit - Finance",670376,"Data Analyst","Anywhere","80500.0",1,"Full-time"
"California State University",1049953,"Data Analyst","Anywhere","80500.0",1,"Full-time"
"Get It Recruit - Information Technology",1472332,"Data Analyst","Anywhere","80500.0",1,"Full-time"
"Automobile Club of Southern California",711091,"Data Analyst","Anywhere","80250.0",1,"Full-time"
"New World Now LLC",483152,"Data Analyst","Anywhere","80000.0",1,"Full-time"
"CrowdStrike",664113,"Data Analyst","Anywhere","80000.0",1,"Full-time"
"Coders Data",319413,"Data Analyst","Anywhere","80000.0",1,"Full-time"
"Peraton",1236616,"Data Analyst","Anywhere","80000.0",1,"Full-time"
"Coders Data",564679,"Data Analyst","Anywhere","80000.0",1,"Full-time"
"Motion Recruitment",550113,"Data Analyst","Anywhere","80000.0",1,"Full-time"
"Get It Recruit - Information Technology",940759,"Data Analyst","Anywhere","80000.0",1,"Full-time"
"Gravy Analytics",690454,"Data Analyst","Anywhere","80000.0",1,"Full-time"
"HighGround",276098,"Data Analyst","Anywhere","80000.0",1,"Full-time"
"EUCON AMERICAS LLC",6083,"Data Analyst","Anywhere","80000.0",1,"Full-time"
"Coders Data",1354750,"Data Analyst","Anywhere","80000.0",1,"Full-time"
"Itemize Corp.",519106,"Data Analyst","Anywhere","80000.0",1,"Full-time"
"FutureNET",1434052,"Data Analyst","Anywhere","80000.0",1,"Full-time"
"Medix Technology",566131,"Data Analyst","Anywhere","80000.0",1,"Full-time"
"ATR International",794255,"Data Analyst","Anywhere","80000.0",1,"Full-time"
"CBRE",911869,"Data Analyst","Anywhere","80000.0",1,"Full-time"
"Get It Recruit - Information Technology",1075985,"Data Analyst","Anywhere","80000.0",1,"Full-time and Contractor"
"Get It Recruit - Information Technology",1333002,"Data Analyst","Anywhere","80000.0",1,"Full-time"
"Get It Recruit - Technology",430789,"Data Analyst","Anywhere","79968.0",1,"Full-time"
"Get It Recruit - Information Technology",1801810,"Data Analyst","Anywhere","79500.0",1,"Full-time"
"Texas Workforce Commission",36488,"Data Analyst","Anywhere","79415.5",1,"Full-time"
"Teacher Retirement System of Texas",401772,"Data Analyst","Anywhere","79060.5",1,"Full-time"
"Apex Systems",189043,"Data Analyst","Anywhere","79000.0",1,"Full-time"
"Get It Recruit - Healthcare",59423,"Data Analyst","Anywhere","78040.0",1,"Full-time"
"Visual Connections, LLC",1723219,"Data Analyst","Anywhere","78000.0",1,"Full-time"
"Simplex.",502625,"Data Analyst","Anywhere","77500.0",1,"Full-time"
"Coders Data",397963,"Data Analyst","Anywhere","77500.0",1,"Full-time"
"JDC",435726,"Data Analyst","Anywhere","77500.0",1,"Full-time"
"Get It Recruit - Information Technology",704236,"Data Analyst","Anywhere","77500.0",1,"Full-time"
"Get It Recruit - Administrative",1311958,"Data Analyst","Anywhere","77500.0",1,"Full-time"
"NBCUniversal",1101994,"Data Analyst","Anywhere","77500.0",1,"Full-time"
"Get It Recruit - Information Technology",1745486,"Data Analyst","Anywhere","77500.0",1,"Full-time"
"Get It Recruit - Finance",1600670,"Data Analyst","Anywhere","77500.0",1,"Full-time"
"Simplex",1236681,"Data Analyst","Anywhere","77500.0",1,"Full-time"
"Wilbur-Ellis Company",1379514,"Data Analyst","Anywhere","77350.0",1,"Full-time"
"Get It Recruit - Information Technology",974504,"Data Analyst","Anywhere","77000.0",1,"Full-time"
"Get It Recruit - Healthcare",411881,"Data Analyst","Anywhere","76842.0",1,"Full-time"
"Get It Recruit - Healthcare",1500082,"Data Analyst","Anywhere","76783.0",1,"Full-time"
"Get It Recruit - Healthcare",487133,"Data Analyst","Anywhere","76559.0",1,"Full-time"
"Invitae",558598,"Data Analyst","Anywhere","76500.0",1,"Full-time"
"Stride inc",1219618,"Data Analyst","Anywhere","76364.5",1,"Full-time"
"Get It Recruit - Healthcare",959874,"Data Analyst","Anywhere","76007.0",1,"Full-time"
"Get It Recruit - Healthcare",164596,"Data Analyst","Anywhere","76007.0",1,"Full-time"
"UiPath",757196,"Data Analyst","Anywhere","76000.0",1,"Full-time"
"Get It Recruit - Transportation",1259256,"Data Analyst","Anywhere","76000.0",1,"Full-time"
"Get It Recruit - Marketing",371461,"Data Analyst","Anywhere","75566.0",1,"Full-time"
"ServiceTitan",1068141,"Data Analyst","Anywhere","75500.0",1,"Full-time"
"Teacher Retirement System of Texas",1365513,"Data Analyst","Anywhere","75296.0",1,"Full-time"
"Memorial Sloan Kettering Cancer Center",368638,"Data Analyst","Anywhere","75250.0",1,"Full-time"
"hackajob",479282,"Data Analyst","Anywhere","75000.0",1,"Full-time"
"Engage Partners Inc.",555049,"Data Analyst","Anywhere","75000.0",1,"Full-time"
"In Technology Group Inc (US)",1513802,"Data Analyst","Anywhere","75000.0",1,"Full-time"
"KodeKloud",1517483,"Data Analyst","Anywhere","75000.0",1,"Full-time"
"Zunch Staffing",1461191,"Data Analyst","Anywhere","75000.0",1,"Full-time"
"Veeva Systems",257140,"Data Analyst","Anywhere","75000.0",1,"Full-time"
"Get It Recruit - Information Technology",341807,"Data Analyst","Anywhere","75000.0",1,"Full-time"
"Chicken of the Sea",764861,"Data Analyst","Anywhere","75000.0",1,"Full-time"
"Get It Recruit - Hospitality",240037,"Data Analyst","Anywhere","75000.0",1,"Full-time"
"Get It Recruit - Transportation",193923,"Data Analyst","Anywhere","75000.0",1,"Full-time"
"CyberCoders",210881,"Data Analyst","Anywhere","75000.0",1,"Full-time"
"Chicken of the Sea",1065749,"Data Analyst","Anywhere","75000.0",1,"Full-time"
"Patterned Learning AI",156786,"Data Analyst","Anywhere","75000.0",1,"Full-time"
"Patterned Learning AI",1321085,"Data Analyst","Anywhere","75000.0",1,"Full-time"
"Health Choice Network",1241014,"Data Analyst","Anywhere","75000.0",1,"Full-time"
"Health Choice Network",1210145,"Data Analyst","Anywhere","75000.0",1,"Full-time"
"Beyond 12",1406540,"Data Analyst","Anywhere","75000.0",1,"Full-time"
"MaryRuth's",221984,"Data Analyst","Anywhere","75000.0",1,"Full-time"
"Patterned Learning AI",1170721,"Data Analyst","Anywhere","75000.0",1,"Full-time"
"Southern California University",813827,"Data Analyst","Anywhere","74500.0",1,"Full-time"
"NCUA",47248,"Data Analyst","Anywhere","74224.5",1,"Full-time"
"Get It Recruit - Healthcare",425984,"Data Analyst","Anywhere","74049.0",1,"Full-time"
"Applied Engineering Management Corporation",1726747,"Data Analyst","Anywhere","74000.0",1,"Full-time"
"Retriever Medial Dental Payments LLC",1338279,"Data Analyst","Anywhere","74000.0",1,"Full-time"
"Get It Recruit - Healthcare",669824,"Data Analyst","Anywhere","73696.0",1,"Full-time"
"Get It Recruit - Healthcare",1553132,"Data Analyst","Anywhere","73631.0",1,"Full-time"
"Center for Open Science",769341,"Data Analyst","Anywhere","73000.0",1,"Full-time"
"Get It Recruit - Finance",1395633,"Data Analyst","Anywhere","73000.0",1,"Full-time"
"Coda Staffing",468876,"Data Analyst","Anywhere","72500.0",1,"Full-time"
"Every Body Texas",1684855,"Data Analyst","Anywhere","72500.0",1,"Full-time"
"Bluesight",93604,"Data Analyst","Anywhere","72500.0",1,"Full-time"
"Global Healthcare Exchange, Inc.",621498,"Data Analyst","Anywhere","72500.0",1,"Full-time"
"CharterUP",1446024,"Data Analyst","Anywhere","72500.0",1,"Full-time"
"Insight Global",1262610,"Data Analyst","Anywhere","72500.0",1,"Full-time"
"Get It Recruit - Information Technology",1583314,"Data Analyst","Anywhere","72500.0",1,"Full-time"
"CACI International Inc",360331,"Data Analyst","Anywhere","72450.0",1,"Full-time"
"Get It Recruit - Transportation",432310,"Data Analyst","Anywhere","72000.0",1,"Full-time"
"CVS Health",361990,"Data Analyst","Anywhere","71850.0",1,"Full-time"
"CVS Health",1698696,"Data Analyst","Anywhere","71850.0",1,"Full-time"
"CVS Health",897644,"Data Analyst","Anywhere","71850.0",1,"Full-time"
"Get It Recruit - Information Technology",225308,"Data Analyst","Anywhere","71000.0",1,"Full-time and Internship"
"Get It Recruit - Information Technology",1096460,"Data Analyst","Anywhere","70500.0",1,"Full-time"
"Get It Recruit - Information Technology",1109298,"Data Analyst","Anywhere","70000.0",1,"Full-time"
"Get It Recruit - Information Technology",1128522,"Data Analyst","Anywhere","70000.0",1,"Full-time"
"Coda Searchâ”‚Staffing",442024,"Data Analyst","Anywhere","70000.0",1,"Full-time"
"Taylor",1717917,"Data Analyst","Anywhere","70000.0",1,"Full-time"
"AdelFi",50512,"Data Analyst","Anywhere","70000.0",1,"Full-time"
"Ohio Shared Information Services Inc",330595,"Data Analyst","Anywhere","70000.0",1,"Full-time"
"Partnership Employment",1473524,"Data Analyst","Anywhere","70000.0",1,"Full-time"
"Pentasia",539154,"Data Analyst","Anywhere","70000.0",1,"Full-time"
"Class Action Capital Recovery LLC",134039,"Data Analyst","Anywhere","70000.0",1,"Full-time"
"Get It Recruit - Information Technology",1397514,"Data Analyst","Anywhere","70000.0",1,"Full-time"
"Zelo Digital Recruitment",1527329,"Data Analyst","Anywhere","70000.0",1,"Full-time"
"Amplified Sourcing",723713,"Data Analyst","Anywhere","70000.0",1,"Full-time"
"Global Accounting Network",683865,"Data Analyst","Anywhere","70000.0",1,"Full-time"
"Get It Recruit - Information Technology",1625061,"Data Analyst","Anywhere","70000.0",1,"Full-time"
"Kermit",339742,"Data Analyst","Anywhere","70000.0",1,"Full-time"
"Get It Recruit - Information Technology",1264889,"Data Analyst","Anywhere","70000.0",1,"Full-time"
"Diversified",482909,"Data Analyst","Anywhere","69500.0",1,"Full-time"
"Ambry Genetics Corporation",297571,"Data Analyst","Anywhere","69000.0",1,"Full-time"
"Get It Recruit - Information Technology",605922,"Data Analyst","Anywhere","67500.0",1,"Full-time"
"Get It Recruit - Information Technology",618426,"Data Analyst","Anywhere","67500.0",1,"Full-time"
"AllianceChicago",1400357,"Data Analyst","Anywhere","67500.0",1,"Full-time"
"CyberCoders",243487,"Data Analyst","Anywhere","67500.0",1,"Full-time"
"Insight Global",38696,"Data Analyst","Anywhere","67500.0",1,"Contractor"
"iTalent Digital",60732,"Data Analyst","Anywhere","67500.0",1,"Full-time"
"Get It Recruit - Information Technology",534826,"Data Analyst","Anywhere","67500.0",1,"Full-time"
"Get It Recruit - Information Technology",1010619,"Data Analyst","Anywhere","66500.0",1,"Full-time"
"Ascension",871527,"Data Analyst","Anywhere","65062.3984375",1,"Full-time"
"Get It Recruit - Administrative",549336,"Data Analyst","Anywhere","65000.0",1,"Full-time"
"Insight Global",1596146,"Data Analyst","Anywhere","65000.0",1,"Full-time"
"24 Seven Talent",179983,"Data Analyst","Anywhere","65000.0",1,"Contractor"
"Mothership Strategies, LLC",450752,"Data Analyst","Anywhere","65000.0",1,"Full-time"
"Aquent Studios",466817,"Data Analyst","Anywhere","65000.0",1,"Full-time"
"Express Employment Professionals",1538266,"Data Analyst","Anywhere","65000.0",1,"Full-time"
"Bright Power",1812494,"Data Analyst","Anywhere","65000.0",1,"Full-time"
"Patterned Learning AI",1785615,"Data Analyst","Anywhere","65000.0",1,"Full-time"
"Patterned Learning AI",1403912,"Data Analyst","Anywhere","65000.0",1,"Full-time"
"Patterned Learning AI",1334734,"Data Analyst","Anywhere","65000.0",1,"Full-time"
"Patterned Learning AI",946898,"Data Analyst","Anywhere","65000.0",1,"Full-time"
"Patterned Learning AI",604011,"Data Analyst","Anywhere","65000.0",1,"Full-time"
"Get It Recruit - Information Technology",1441940,"Data Analyst","Anywhere","65000.0",1,"Full-time"
"Patterned Learning AI",394469,"Data Analyst","Anywhere","65000.0",1,"Full-time"
"Insight Global",1705282,"Data Analyst","Anywhere","65000.0",1,"Full-time"
"Patterned Learning AI",384112,"Data Analyst","Anywhere","65000.0",1,"Full-time"
"Insight Global",1463732,"Data Analyst","Anywhere","65000.0",1,"Full-time"
"Citron IT, Inc.",262937,"Data Analyst","Anywhere","65000.0",1,"Full-time"
"Monterey Park Auto Body Inc",1526157,"Data Analyst","Anywhere","63991.0",1,"Full-time"
"Get It Recruit - Healthcare",510271,"Data Analyst","Anywhere","63594.0",1,"Full-time"
"VetJobs & Military Spouse Jobs",1566988,"Data Analyst","Anywhere","63000.0",1,"Full-time"
"OZ",215071,"Data Analyst","Anywhere","62500.0",1,"Full-time"
"McAllister & Quinn, LLC",1650439,"Data Analyst","Anywhere","62500.0",1,"Full-time"
"Kaye/Bassman International",1301761,"Data Analyst","Anywhere","62500.0",1,"Full-time"
"Kaye/Bassman International",43776,"Data Analyst","Anywhere","62500.0",1,"Full-time"
"Ryder System",1513216,"Data Analyst","Anywhere","62500.0",1,"Full-time"
"CuraLinc Healthcare",132241,"Data Analyst","Anywhere","62500.0",1,"Full-time"
"Crescentia GTS",376277,"Data Analyst","Anywhere","62500.0",1,"Full-time"
"Get It Recruit - Transportation",553921,"Data Analyst","Anywhere","62500.0",1,"Full-time"
"Aegon",329855,"Data Analyst","Anywhere","62500.0",1,"Full-time"
"Get It Recruit - Information Technology",634102,"Data Analyst","Anywhere","62000.0",1,"Full-time"
"Neurons Lab",272662,"Data Analyst","Anywhere","62000.0",1,"Contractor"
"Get It Recruit - Information Technology",1579976,"Data Analyst","Anywhere","60500.0",1,"Full-time and Contractor"
"Get It Recruit - Information Technology",955933,"Data Analyst","Anywhere","60500.0",1,"Full-time and Contractor"
"TalentKompass Deutschland",143739,"Data Analyst","Anywhere","60000.0",1,"Full-time"
"SHI International Corp.",758435,"Data Analyst","Anywhere","60000.0",1,"Full-time"
"Jumpvine",1431520,"Data Analyst","Anywhere","60000.0",1,"Full-time"
"Kaye/Bassman International, Corp.",697068,"Data Analyst","Anywhere","60000.0",1,"Full-time"
"El Buen Samaritano",212308,"Data Analyst","Anywhere","60000.0",1,"Full-time"
"Get It Recruit - Information Technology",286007,"Data Analyst","Anywhere","60000.0",1,"Full-time"
"BLUE STORM ASSOCIATES INC",1424729,"Data Analyst","Anywhere","60000.0",1,"Full-time"
"eStaffing Inc.",1009250,"Data Analyst","Anywhere","60000.0",1,"Full-time"
"Get It Recruit - Information Technology",179907,"Data Analyst","Anywhere","60000.0",1,"Full-time"
"University of North Texas Health Science Center",333817,"Data Analyst","Anywhere","60000.0",1,"Full-time"
"Get It Recruit - Finance",616124,"Data Analyst","Anywhere","60000.0",1,"Full-time"
"Aflac, Incorporated",1138427,"Data Analyst","Anywhere","60000.0",1,"Full-time"
"Get It Recruit - Marketing",163009,"Data Analyst","Anywhere","60000.0",1,"Full-time"
"Suncoast Credit Union",719006,"Data Analyst","Anywhere","59500.0",1,"Full-time"
"Ryder System",489565,"Data Analyst","Anywhere","59000.0",1,"Full-time"
"Ryder System",1117967,"Data Analyst","Anywhere","59000.0",1,"Full-time"
"Insight Global",863378,"Data Analyst","Anywhere","58000.0",1,"Full-time"
"Webstaurant Store",1091264,"Data Analyst","Anywhere","58000.0",1,"Full-time"
"Stafford Consulting Company, Inc.",785489,"Data Analyst","Anywhere","57500.0",1,"Full-time"
"The Difference Card",346462,"Data Analyst","Anywhere","57500.0",1,"Full-time"
"Get It Recruit - Information Technology",1635949,"Data Analyst","Anywhere","57500.0",1,"Full-time"
"FiberFirst",441975,"Data Analyst","Anywhere","57500.0",1,"Full-time"
"Ascendo Resources",739541,"Data Analyst","Anywhere","57300.0",1,"Full-time"
"Get It Recruit - Information Technology",1598725,"Data Analyst","Anywhere","55500.0",1,"Full-time"
"State of Georgia",837423,"Data Analyst","Anywhere","55000.0",1,"Full-time"
"JARBO Employment Group",562116,"Data Analyst","Anywhere","55000.0",1,"Full-time"
"WALGREENS",486466,"Data Analyst","Anywhere","54540.0",1,"Full-time"
"University of South Florida",198826,"Data Analyst","Anywhere","53000.0",1,"Full-time"
"Acosta, Inc.",1203514,"Data Analyst","Anywhere","52500.0",1,"Full-time"
"Get It Recruit - Information Technology",74841,"Data Analyst","Anywhere","52500.0",1,"Full-time"
"Fitsoftware OU",667237,"Data Analyst","Anywhere","52500.0",1,"Full-time"
"Phoenix Capital Group Holdings LLC",902110,"Data Analyst","Anywhere","52500.0",1,"Full-time"
"Kaye/Bassman International",862094,"Data Analyst","Anywhere","52500.0",1,"Full-time"
"Spark451 Inc.",1049427,"Data Analyst","Anywhere","52000.0",1,"Full-time"
"University of Maryland, Baltimore",642310,"Data Analyst","Anywhere","51500.0",1,"Full-time"
"Jacksonville",1073885,"Data Analyst","Anywhere","51059.0",1,"Full-time"
"Get It Recruit - Information Technology",44448,"Data Analyst","Anywhere","51000.0",1,"Full-time"
"Get It Recruit - Information Technology",1086455,"Data Analyst","Anywhere","50500.0",1,"Full-time"
"Get It Recruit - Transportation",1278164,"Data Analyst","Anywhere","50000.0",1,"Full-time"
"Get It Recruit - Information Technology",269335,"Data Analyst","Anywhere","50000.0",1,"Full-time"
"Get It Recruit - Information Technology",522407,"Data Analyst","Anywhere","50000.0",1,"Full-time"
"Makana Technologies",587906,"Data Analyst","Anywhere","50000.0",1,"Full-time and Contractor"
"Get It Recruit - Administrative",1672776,"Data Analyst","Anywhere","50000.0",1,"Full-time"
"Allied Technologies & Consulting",1605573,"Data Analyst","Anywhere","48500.0",1,"Full-time"
"Ali Awad Law, P.C.",1262617,"Data Analyst","Anywhere","47500.0",1,"Full-time"
"Men's Health Clinic (MHC)",229128,"Data Analyst","Anywhere","47500.0",1,"Contractor"
"Insight Global",42319,"Data Analyst","Anywhere","47500.0",1,"Full-time"
"Get It Recruit - Administrative",1619146,"Data Analyst","Anywhere","46500.0",1,"Full-time"
"U.S. Wire and Cable Company/ Flexon Industries",473213,"Data Analyst","Anywhere","42500.0",1,"Full-time"
"BayOne Solutions",512966,"Data Analyst","Anywhere","41000.0",1,"Contractor"
"owl.co",663127,"Data Analyst","Anywhere","40000.0",1,"Full-time"
"Get It Recruit - Administrative",994565,"Data Analyst","Anywhere","39000.0",1,"Full-time"
"Get It Recruit - Information Technology",1349849,"Data Analyst","Anywhere","36000.0",1,"Full-time"
"Jobmatchingpartner Ltd",1178688,"Data Analyst","Anywhere","35000.0",1,"Contractor"
"ED-Energy Storage & Distributed R",216489,"Data Analyst","Anywhere","25000.0",1,"Full-time"
